{"cameraMode":{"drawMode":0,"name":"Shaded","section":"Shading Mode"},"sceneLighting":false,"audioPlay":false,"sceneViewState":{"m_AlwaysRefresh":false,"showFog":true,"showSkybox":false,"showFlares":true,"showImageEffects":true,"showParticleSystems":true,"showVisualEffectGraphs":true,"m_FxEnabled":true},"in2DMode":false,"pivot":{"x":1.4901161193847657e-8,"y":1.5775961875915528,"z":0.020048052072525026},"rotation":{"x":0.008043729700148106,"y":-0.988780677318573,"z":0.057621367275714877,"w":0.13789784908294679},"size":0.7025510668754578,"orthographic":false}