{"cameraMode":{"drawMode":0,"name":"Shaded","section":"Shading Mode"},"sceneLighting":false,"audioPlay":false,"sceneViewState":{"m_AlwaysRefresh":false,"showFog":true,"showSkybox":false,"showFlares":true,"showImageEffects":true,"showParticleSystems":true,"showVisualEffectGraphs":true,"m_FxEnabled":true},"in2DMode":false,"pivot":{"x":-0.07922299206256867,"y":1.5848274230957032,"z":0.4761934280395508},"rotation":{"x":0.03251248970627785,"y":-0.7097862362861633,"z":0.03281782940030098,"w":0.7029637694358826},"size":0.7025510668754578,"orthographic":false}