{"cameraMode":{"drawMode":0,"name":"Shaded","section":"Shading Mode"},"sceneLighting":false,"audioPlay":false,"sceneViewState":{"m_AlwaysRefresh":false,"showFog":true,"showSkybox":false,"showFlares":true,"showImageEffects":true,"showParticleSystems":true,"showVisualEffectGraphs":true,"m_FxEnabled":true},"in2DMode":false,"pivot":{"x":1.4901161193847657e-8,"y":1.7623353004455567,"z":0.2551214396953583},"rotation":{"x":-0.04033108055591583,"y":0.6973063945770264,"z":-0.03940112143754959,"w":-0.7146220803260803},"size":1.2091182470321656,"orthographic":false}