{"cameraMode":{"drawMode":0,"name":"Shaded","section":"Shading Mode"},"sceneLighting":false,"audioPlay":false,"sceneViewState":{"m_AlwaysRefresh":false,"showFog":true,"showSkybox":false,"showFlares":true,"showImageEffects":true,"showParticleSystems":true,"showVisualEffectGraphs":true,"m_FxEnabled":true},"in2DMode":false,"pivot":{"x":-0.8811570405960083,"y":1.9361127614974976,"z":1.0113078355789185},"rotation":{"x":-0.007326300721615553,"y":0.9326638579368591,"z":-0.01904945634305477,"w":-0.3603089153766632},"size":1.2091182470321656,"orthographic":false}